,0,1,2
0,dataset\vtuber\amamiya\amamiya_00160_0.png,0.01007808438478841,0
1,dataset\vtuber\amamiya\amamiya_01106_0.png,0.005396519459078819,0
2,dataset\vtuber\amamiya\amamiya_00638_0.png,0.012301257359151219,0
3,dataset\vtuber\amamiya\amamiya_01183_0.png,0.006454693821814406,0
4,dataset\vtuber\amamiya\amamiya_00465_0.png,0.011297040079884746,0
5,dataset\vtuber\amamiya\amamiya_00407_0.png,0.023381615786246646,0
6,dataset\vtuber\amamiya\amamiya_01012_0.png,0.006238785357245313,0
7,dataset\vtuber\amamiya\amamiya_00716_0.png,0.010016233619812409,0
8,dataset\vtuber\amamiya\amamiya_00923_0.png,0.0073728338755083556,0
9,dataset\vtuber\amamiya\amamiya_01254_0.png,0.006848264837329587,0
10,dataset\vtuber\amamiya\amamiya_00401_0.png,0.023409718737363305,0
11,dataset\vtuber\amamiya\amamiya_00346_0.png,0.017549514399874178,0
12,dataset\vtuber\amamiya\amamiya_00999_0.png,0.006029630566313338,0
13,dataset\vtuber\amamiya\amamiya_01053_0.png,0.007812083079835386,0
14,dataset\vtuber\amamiya\amamiya_00484_0.png,0.016436978071204145,0
15,dataset\vtuber\amamiya\amamiya_00365_0.png,0.012032232287119249,0
16,dataset\vtuber\amamiya\amamiya_00967_0.png,0.005707376904789285,0
17,dataset\vtuber\amamiya\amamiya_01123_0.png,0.00655317206153172,0
18,dataset\vtuber\amamiya\amamiya_01052_0.png,0.009399801503822025,0
19,dataset\vtuber\amamiya\amamiya_00920_0.png,0.008115922183399293,0
20,dataset\vtuber\amamiya\amamiya_01130_0.png,0.005008143177637758,0
21,dataset\vtuber\amamiya\amamiya_00913_0.png,0.008883652055289626,0
22,dataset\vtuber\amamiya\amamiya_00088_0.png,0.010811186868080025,0
23,dataset\vtuber\amamiya\amamiya_00383_0.png,0.016740429632940423,0
24,dataset\vtuber\amamiya\amamiya_00718_0.png,0.012318392261005728,0
25,dataset\vtuber\amamiya\amamiya_00052_0.png,0.006547860085257096,0
26,dataset\vtuber\amamiya\amamiya_01093_0.png,0.009847494617764796,0
27,dataset\vtuber\amamiya\amamiya_00387_0.png,0.015453903436105643,0
28,dataset\vtuber\amamiya\amamiya_00941_0.png,0.0077101919930053775,0
29,dataset\vtuber\amamiya\amamiya_00132_0.png,0.007680772229465949,0
30,dataset\vtuber\amamiya\amamiya_01236_0.png,0.011085206204677123,0
31,dataset\vtuber\amamiya\amamiya_00453_0.png,0.01961311907531571,0
32,dataset\vtuber\amamiya\amamiya_00701_0.png,0.01514758633549973,0
33,dataset\vtuber\amamiya\amamiya_00587_0.png,0.008187888565056589,0
34,dataset\vtuber\amamiya\amamiya_00390_0.png,0.03380228876633751,0
35,dataset\vtuber\amamiya\amamiya_01160_0.png,0.006451810582327466,0
36,dataset\vtuber\amamiya\amamiya_01086_0.png,0.014902694898946356,0
37,dataset\vtuber\amamiya\amamiya_00919_0.png,0.006853752833588134,0
38,dataset\vtuber\amamiya\amamiya_00382_0.png,0.016074682843187693,0
39,dataset\vtuber\amamiya\amamiya_01042_0.png,0.005852725778198398,0
40,dataset\vtuber\amamiya\amamiya_01050_0.png,0.0051478113781550094,0
41,dataset\vtuber\amamiya\amamiya_01134_0.png,0.00646192429753345,0
42,dataset\vtuber\amamiya\amamiya_00617_0.png,0.03406381093387223,0
43,dataset\vtuber\amamiya\amamiya_01079_0.png,0.006430359785857487,0
44,dataset\vtuber\amamiya\amamiya_01110_0.png,0.01119784639800192,0
45,dataset\vtuber\amamiya\amamiya_00891_0.png,0.00810392655141845,0
46,dataset\vtuber\amamiya\amamiya_00911_0.png,0.004802110500248036,0
47,dataset\vtuber\amamiya\amamiya_00982_0.png,0.005721623405815168,0
48,dataset\vtuber\amamiya\amamiya_00670_0.png,0.009345106533650172,0
49,dataset\vtuber\amamiya\amamiya_00423_0.png,0.034614188162247705,0
50,dataset\vtuber\ange\ange_00819_0.png,0.6600494848485411,1
51,dataset\vtuber\ange\ange_01111_0.png,0.6639956773835399,1
52,dataset\vtuber\ange\ange_01127_0.png,0.6578299126907475,1
53,dataset\vtuber\ange\ange_00490_0.png,0.6607757115097891,1
54,dataset\vtuber\ange\ange_00825_0.png,0.6539553692392048,1
55,dataset\vtuber\ange\ange_00869_0.png,0.6508839500494317,1
56,dataset\vtuber\ange\ange_01075_0.png,0.6630619897301802,1
57,dataset\vtuber\ange\ange_00423_0.png,0.6682753939955643,1
58,dataset\vtuber\ange\ange_00289_0.png,0.6562808362280805,1
59,dataset\vtuber\ange\ange_00523_0.png,0.6523599080055822,1
60,dataset\vtuber\ange\ange_00563_0.png,0.6561761307987032,1
61,dataset\vtuber\ange\ange_00516_0.png,0.6621735350452451,1
62,dataset\vtuber\ange\ange_01180_0.png,0.6568936203185389,1
63,dataset\vtuber\ange\ange_01072_0.png,0.6678571420199346,1
64,dataset\vtuber\ange\ange_00623_0.png,0.6551997621293533,1
65,dataset\vtuber\ange\ange_01123_0.png,0.6633184074665314,1
66,dataset\vtuber\ange\ange_00453_0.png,0.6590584793753738,1
67,dataset\vtuber\ange\ange_00755_2.png,0.6583667790496844,1
68,dataset\vtuber\ange\ange_00341_0.png,0.6564917652899221,1
69,dataset\vtuber\ange\ange_00629_0.png,0.6656263700174571,1
70,dataset\vtuber\ange\ange_00267_0.png,0.6691660959516363,1
71,dataset\vtuber\ange\ange_00037_0.png,0.6606971994558687,1
72,dataset\vtuber\ange\ange_00104_0.png,0.6447847648812637,1
73,dataset\vtuber\ange\ange_01057_0.png,0.664205696321051,1
74,dataset\vtuber\ange\ange_00701_0.png,0.6574993042531079,1
75,dataset\vtuber\ange\ange_00600_0.png,0.6613891114086711,1
76,dataset\vtuber\ange\ange_00612_0.png,0.6564185696459474,1
77,dataset\vtuber\ange\ange_00032_0.png,0.6588041134427497,1
78,dataset\vtuber\ange\ange_01105_0.png,0.6578916009034393,1
79,dataset\vtuber\ange\ange_00286_0.png,0.659799285939817,1
80,dataset\vtuber\ange\ange_00877_0.png,0.6562739456647859,1
81,dataset\vtuber\ange\ange_01068_0.png,0.6630853200449323,1
82,dataset\vtuber\ange\ange_00190_0.png,0.6653823096268757,1
83,dataset\vtuber\ange\ange_01223_0.png,0.6581571234617615,1
84,dataset\vtuber\ange\ange_00542_0.png,0.6691144526220464,1
85,dataset\vtuber\ange\ange_00678_0.png,0.6601133086081583,1
86,dataset\vtuber\ange\ange_00463_0.png,0.6574040077629428,1
87,dataset\vtuber\ange\ange_00295_0.png,0.6605236522524699,1
88,dataset\vtuber\ange\ange_00196_0.png,0.6513487346854883,1
89,dataset\vtuber\ange\ange_00610_0.png,0.6613130870753066,1
90,dataset\vtuber\ange\ange_01062_0.png,0.667806871419845,1
91,dataset\vtuber\ange\ange_00661_0.png,0.6573202932683886,1
92,dataset\vtuber\ange\ange_00879_0.png,0.6575000762581004,1
93,dataset\vtuber\ange\ange_00767_0.png,0.6609651501128305,1
94,dataset\vtuber\ange\ange_00761_2.png,0.660137266033962,1
95,dataset\vtuber\ange\ange_01226_0.png,0.6702193255655213,1
96,dataset\vtuber\ange\ange_00827_0.png,0.6564379129943274,1
97,dataset\vtuber\ange\ange_00352_0.png,0.6634258573240779,1
98,dataset\vtuber\ange\ange_00339_0.png,0.6584598348052288,1
99,dataset\vtuber\ange\ange_01204_0.png,0.6604721468003549,1
100,dataset\vtuber\aqua\aqua_00849_0.png,0.6407938857404506,1
101,dataset\vtuber\aqua\aqua_00814_0.png,0.6352176529747342,1
102,dataset\vtuber\aqua\aqua_00248_0.png,0.6387264615947342,1
103,dataset\vtuber\aqua\aqua_00982_0.png,0.6316687769653722,1
104,dataset\vtuber\aqua\aqua_00858_0.png,0.6141414254578716,1
105,dataset\vtuber\aqua\aqua_00615_0.png,0.6417701797253236,1
106,dataset\vtuber\aqua\aqua_00691_0.png,0.6312763321188846,1
107,dataset\vtuber\aqua\aqua_01012_0.png,0.6404470742779171,1
108,dataset\vtuber\aqua\aqua_00246_0.png,0.6316634702581274,1
109,dataset\vtuber\aqua\aqua_00766_0.png,0.6372647345761009,1
110,dataset\vtuber\aqua\aqua_00241_0.png,0.6328114924190658,1
111,dataset\vtuber\aqua\aqua_01003_0.png,0.6439101070107753,1
112,dataset\vtuber\aqua\aqua_00690_0.png,0.6300694551552801,1
113,dataset\vtuber\aqua\aqua_00212_0.png,0.6339820550635703,1
114,dataset\vtuber\aqua\aqua_00953_0.png,0.6318447674440586,1
115,dataset\vtuber\aqua\aqua_00178_0.png,0.6348051043484051,1
116,dataset\vtuber\aqua\aqua_00861_0.png,0.630764678226413,1
117,dataset\vtuber\aqua\aqua_00716_0.png,0.6387514965200712,1
118,dataset\vtuber\aqua\aqua_00764_0.png,0.6233480612133847,1
119,dataset\vtuber\aqua\aqua_00725_0.png,0.6434958429797565,1
120,dataset\vtuber\aqua\aqua_00940_0.png,0.6402155063225237,1
121,dataset\vtuber\aqua\aqua_00129_0.png,0.632534028767561,1
122,dataset\vtuber\aqua\aqua_00745_0.png,0.6323035324000087,1
123,dataset\vtuber\aqua\aqua_00522_0.png,0.6459939203897856,1
124,dataset\vtuber\aqua\aqua_00518_0.png,0.6429961664565027,1
125,dataset\vtuber\aqua\aqua_00569_0.png,0.6393591270810771,1
126,dataset\vtuber\aqua\aqua_00959_0.png,0.6122242073338893,1
127,dataset\vtuber\aqua\aqua_00111_0.png,0.636664662857531,1
128,dataset\vtuber\aqua\aqua_00963_0.png,0.6205845953631111,1
129,dataset\vtuber\aqua\aqua_01071_0.png,0.6287787792998122,1
130,dataset\vtuber\aqua\aqua_00151_0.png,0.6382537362428394,1
131,dataset\vtuber\aqua\aqua_00948_0.png,0.6357165354163541,1
132,dataset\vtuber\aqua\aqua_00692_0.png,0.6461510581535282,1
133,dataset\vtuber\aqua\aqua_01009_0.png,0.6435892609405852,1
134,dataset\vtuber\aqua\aqua_00941_0.png,0.6325657022310669,1
135,dataset\vtuber\aqua\aqua_00912_0.png,0.6336321935784099,1
136,dataset\vtuber\aqua\aqua_00878_0.png,0.6345211672526117,1
137,dataset\vtuber\aqua\aqua_00952_0.png,0.6347448337063799,1
138,dataset\vtuber\aqua\aqua_00850_0.png,0.641351627525234,1
139,dataset\vtuber\aqua\aqua_00210_0.png,0.6299670554896227,1
140,dataset\vtuber\aqua\aqua_00232_0.png,0.6374337117182323,1
141,dataset\vtuber\aqua\aqua_00841_0.png,0.6183436620580702,1
142,dataset\vtuber\aqua\aqua_00974_0.png,0.6326093649020902,1
143,dataset\vtuber\aqua\aqua_01025_1.png,0.6442014248621988,1
144,dataset\vtuber\aqua\aqua_00721_0.png,0.6403264990029933,1
145,dataset\vtuber\aqua\aqua_00580_0.png,0.6238713806078868,1
146,dataset\vtuber\aqua\aqua_00680_0.png,0.6448462976770115,1
147,dataset\vtuber\aqua\aqua_00760_0.png,0.6327027059911715,1
148,dataset\vtuber\aqua\aqua_00943_0.png,0.629415431152429,1
149,dataset\vtuber\aqua\aqua_00683_0.png,0.6380505808391974,1
150,dataset\vtuber\fubuki\fubuki_00809_0.png,0.6628758146755053,1
151,dataset\vtuber\fubuki\fubuki_00188_0.png,0.6679836485155577,1
152,dataset\vtuber\fubuki\fubuki_00661_0.png,0.6724849664766648,1
153,dataset\vtuber\fubuki\fubuki_01319_0.png,0.6587181028864975,1
154,dataset\vtuber\fubuki\fubuki_00170_0.png,0.6734739339063972,1
155,dataset\vtuber\fubuki\fubuki_00663_0.png,0.6545268702553615,1
156,dataset\vtuber\fubuki\fubuki_01295_0.png,0.6584757728058607,1
157,dataset\vtuber\fubuki\fubuki_01066_0.png,0.6689520984006898,1
158,dataset\vtuber\fubuki\fubuki_01029_0.png,0.6635504387179563,1
159,dataset\vtuber\fubuki\fubuki_01286_0.png,0.6666732595842361,1
160,dataset\vtuber\fubuki\fubuki_00116_0.png,0.6715579499686144,1
161,dataset\vtuber\fubuki\fubuki_00520_0.png,0.651494584195538,1
162,dataset\vtuber\fubuki\fubuki_00606_0.png,0.6513760330785411,1
163,dataset\vtuber\fubuki\fubuki_01039_0.png,0.6742387467362153,1
164,dataset\vtuber\fubuki\fubuki_00775_0.png,0.6653514737175943,1
165,dataset\vtuber\fubuki\fubuki_01148_0.png,0.6605216620687722,1
166,dataset\vtuber\fubuki\fubuki_00968_0.png,0.6650626159899405,1
167,dataset\vtuber\fubuki\fubuki_00380_0.png,0.6599891355453024,1
168,dataset\vtuber\fubuki\fubuki_00915_0.png,0.6572773778748097,1
169,dataset\vtuber\fubuki\fubuki_00486_0.png,0.6673729900705062,1
170,dataset\vtuber\fubuki\fubuki_00894_0.png,0.670682127740795,1
171,dataset\vtuber\fubuki\fubuki_01157_0.png,0.6759402715465193,1
172,dataset\vtuber\fubuki\fubuki_01253_0.png,0.6665147857715389,1
173,dataset\vtuber\fubuki\fubuki_00875_0.png,0.658040036327842,1
174,dataset\vtuber\fubuki\fubuki_01127_0.png,0.6620219944798187,1
175,dataset\vtuber\fubuki\fubuki_00768_0.png,0.6612361159778045,1
176,dataset\vtuber\fubuki\fubuki_00207_0.png,0.6734585159021814,1
177,dataset\vtuber\fubuki\fubuki_00720_0.png,0.6614986679279811,1
178,dataset\vtuber\fubuki\fubuki_00461_0.png,0.6683150368930003,1
179,dataset\vtuber\fubuki\fubuki_00257_0.png,0.6743425611529641,1
180,dataset\vtuber\fubuki\fubuki_00141_0.png,0.6638439795265076,1
181,dataset\vtuber\fubuki\fubuki_00481_0.png,0.6726086076859998,1
182,dataset\vtuber\fubuki\fubuki_01282_0.png,0.654708081738357,1
183,dataset\vtuber\fubuki\fubuki_01145_0.png,0.67152231331232,1
184,dataset\vtuber\fubuki\fubuki_01101_0.png,0.6699875284761246,1
185,dataset\vtuber\fubuki\fubuki_00300_0.png,0.6706590207631792,1
186,dataset\vtuber\fubuki\fubuki_01092_0.png,0.6723422201440898,1
187,dataset\vtuber\fubuki\fubuki_00600_0.png,0.6605349300887449,1
188,dataset\vtuber\fubuki\fubuki_00950_0.png,0.6596583158848802,1
189,dataset\vtuber\fubuki\fubuki_00615_0.png,0.6491055510316391,1
190,dataset\vtuber\fubuki\fubuki_01140_0.png,0.6593514435403078,1
191,dataset\vtuber\fubuki\fubuki_00307_0.png,0.664207360396737,1
192,dataset\vtuber\fubuki\fubuki_00259_0.png,0.6616685145253864,1
193,dataset\vtuber\fubuki\fubuki_00920_0.png,0.658863130997167,1
194,dataset\vtuber\fubuki\fubuki_01009_0.png,0.6336888507355439,1
195,dataset\vtuber\fubuki\fubuki_00133_0.png,0.6741458999827576,1
196,dataset\vtuber\fubuki\fubuki_00421_0.png,0.6579876106326272,1
197,dataset\vtuber\fubuki\fubuki_00327_0.png,0.6591972626045088,1
198,dataset\vtuber\fubuki\fubuki_00885_0.png,0.6623274213675698,1
199,dataset\vtuber\fubuki\fubuki_01002_0.png,0.6582933678253665,1
200,dataset\vtuber\hakase\hakase_00404_0.png,0.6384033324170794,1
201,dataset\vtuber\hakase\hakase_01152_0.png,0.6337581313297939,1
202,dataset\vtuber\hakase\hakase_01234_0.png,0.6251106642552605,1
203,dataset\vtuber\hakase\hakase_01066_0.png,0.6413491445747397,1
204,dataset\vtuber\hakase\hakase_00297_0.png,0.6391982252759956,1
205,dataset\vtuber\hakase\hakase_00043_0.png,0.6432576137537083,1
206,dataset\vtuber\hakase\hakase_00810_0.png,0.6386407390839175,1
207,dataset\vtuber\hakase\hakase_01243_0.png,0.6408964483391932,1
208,dataset\vtuber\hakase\hakase_00080_0.png,0.6467952882859329,1
209,dataset\vtuber\hakase\hakase_00354_0.png,0.6408190125677418,1
210,dataset\vtuber\hakase\hakase_00452_0.png,0.6459969563435999,1
211,dataset\vtuber\hakase\hakase_00900_0.png,0.6424717771021434,1
212,dataset\vtuber\hakase\hakase_01145_0.png,0.6464191833500601,1
213,dataset\vtuber\hakase\hakase_00766_0.png,0.6465539021747629,1
214,dataset\vtuber\hakase\hakase_00490_0.png,0.6351798659074821,1
215,dataset\vtuber\hakase\hakase_00219_0.png,0.6419260050128505,1
216,dataset\vtuber\hakase\hakase_00206_0.png,0.6381024136662976,1
217,dataset\vtuber\hakase\hakase_00552_0.png,0.6348773890028097,1
218,dataset\vtuber\hakase\hakase_01155_0.png,0.645858965904089,1
219,dataset\vtuber\hakase\hakase_00986_0.png,0.638447028092908,1
220,dataset\vtuber\hakase\hakase_00713_0.png,0.6398135016787957,1
221,dataset\vtuber\hakase\hakase_00278_0.png,0.6324281757712077,1
222,dataset\vtuber\hakase\hakase_00950_0.png,0.6425998794600363,1
223,dataset\vtuber\hakase\hakase_00111_0.png,0.6441715569416441,1
224,dataset\vtuber\hakase\hakase_00631_0.png,0.639689459868005,1
225,dataset\vtuber\hakase\hakase_01199_0.png,0.6450547351529174,1
226,dataset\vtuber\hakase\hakase_00601_0.png,0.6457050093827628,1
227,dataset\vtuber\hakase\hakase_00245_0.png,0.6363874486127918,1
228,dataset\vtuber\hakase\hakase_00879_0.png,0.6255616854841022,1
229,dataset\vtuber\hakase\hakase_01013_0.png,0.6349327915712741,1
230,dataset\vtuber\hakase\hakase_00686_0.png,0.6496467494874747,1
231,dataset\vtuber\hakase\hakase_00543_0.png,0.6367691755756217,1
232,dataset\vtuber\hakase\hakase_00231_0.png,0.6429702199677008,1
233,dataset\vtuber\hakase\hakase_01049_0.png,0.6351538550340354,1
234,dataset\vtuber\hakase\hakase_00238_0.png,0.6490593628707356,1
235,dataset\vtuber\hakase\hakase_01132_0.png,0.6468981914797458,1
236,dataset\vtuber\hakase\hakase_00102_0.png,0.6427713419459196,1
237,dataset\vtuber\hakase\hakase_00423_0.png,0.6345939897844695,1
238,dataset\vtuber\hakase\hakase_00338_0.png,0.6351938308863652,1
239,dataset\vtuber\hakase\hakase_00735_0.png,0.6364740996579863,1
240,dataset\vtuber\hakase\hakase_01191_0.png,0.6442461917899873,1
241,dataset\vtuber\hakase\hakase_00768_0.png,0.6488561654317758,1
242,dataset\vtuber\hakase\hakase_00837_0.png,0.6512481688648234,1
243,dataset\vtuber\hakase\hakase_00782_0.png,0.6445908864668246,1
244,dataset\vtuber\hakase\hakase_00005_0.png,0.6336337354020078,1
245,dataset\vtuber\hakase\hakase_00976_0.png,0.6436122286942314,1
246,dataset\vtuber\hakase\hakase_01094_0.png,0.6371552061277068,1
247,dataset\vtuber\hakase\hakase_00416_0.png,0.6385923443743886,1
248,dataset\vtuber\hakase\hakase_00669_0.png,0.6502650214120402,1
249,dataset\vtuber\hakase\hakase_00487_0.png,0.6310711829057415,1
250,dataset\vtuber\hoshikawa\hoshikawa_00686_0.png,0.6315101996510724,1
251,dataset\vtuber\hoshikawa\hoshikawa_00152_0.png,0.633340967997815,1
252,dataset\vtuber\hoshikawa\hoshikawa_00248_0.png,0.6323355510174439,1
253,dataset\vtuber\hoshikawa\hoshikawa_00081_0.png,0.6317051010381581,1
254,dataset\vtuber\hoshikawa\hoshikawa_00166_0.png,0.6279763296394867,1
255,dataset\vtuber\hoshikawa\hoshikawa_00991_0.png,0.6349458189491649,1
256,dataset\vtuber\hoshikawa\hoshikawa_00822_0.png,0.630527033906721,1
257,dataset\vtuber\hoshikawa\hoshikawa_00859_0.png,0.6261447393160575,1
258,dataset\vtuber\hoshikawa\hoshikawa_00478_0.png,0.6386010335152101,1
259,dataset\vtuber\hoshikawa\hoshikawa_00949_0.png,0.625624806941339,1
260,dataset\vtuber\hoshikawa\hoshikawa_00813_0.png,0.6455453327722211,1
261,dataset\vtuber\hoshikawa\hoshikawa_00506_0.png,0.6327909712394323,1
262,dataset\vtuber\hoshikawa\hoshikawa_00511_0.png,0.6203127986873664,1
263,dataset\vtuber\hoshikawa\hoshikawa_00751_0.png,0.6326914406914028,1
264,dataset\vtuber\hoshikawa\hoshikawa_00586_0.png,0.6290617246832622,1
265,dataset\vtuber\hoshikawa\hoshikawa_00771_0.png,0.6329488298513737,1
266,dataset\vtuber\hoshikawa\hoshikawa_00433_0.png,0.6257921168143368,1
267,dataset\vtuber\hoshikawa\hoshikawa_00024_0.png,0.6184250462765017,1
268,dataset\vtuber\hoshikawa\hoshikawa_00029_0.png,0.6367584543108953,1
269,dataset\vtuber\hoshikawa\hoshikawa_00683_0.png,0.6349338780637666,1
270,dataset\vtuber\hoshikawa\hoshikawa_00902_0.png,0.6264369448118703,1
271,dataset\vtuber\hoshikawa\hoshikawa_00671_0.png,0.6231684859857756,1
272,dataset\vtuber\hoshikawa\hoshikawa_00809_0.png,0.6284922982428535,1
273,dataset\vtuber\hoshikawa\hoshikawa_00592_0.png,0.6319221368476368,1
274,dataset\vtuber\hoshikawa\hoshikawa_00906_0.png,0.6246697149561752,1
275,dataset\vtuber\hoshikawa\hoshikawa_00452_0.png,0.6263439249116822,1
276,dataset\vtuber\hoshikawa\hoshikawa_00195_0.png,0.6207250002967755,1
277,dataset\vtuber\hoshikawa\hoshikawa_00987_0.png,0.625593780668646,1
278,dataset\vtuber\hoshikawa\hoshikawa_00110_0.png,0.631495700056504,1
279,dataset\vtuber\hoshikawa\hoshikawa_00590_0.png,0.627067298527578,1
280,dataset\vtuber\hoshikawa\hoshikawa_00705_0.png,0.6189078326661219,1
281,dataset\vtuber\hoshikawa\hoshikawa_00693_0.png,0.6319277853250154,1
282,dataset\vtuber\hoshikawa\hoshikawa_00208_0.png,0.624712164391088,1
283,dataset\vtuber\hoshikawa\hoshikawa_00551_0.png,0.6359599455434289,1
284,dataset\vtuber\hoshikawa\hoshikawa_00270_0.png,0.6270241357947953,1
285,dataset\vtuber\hoshikawa\hoshikawa_00374_0.png,0.6304564948291509,1
286,dataset\vtuber\hoshikawa\hoshikawa_00926_0.png,0.6313555814531575,1
287,dataset\vtuber\hoshikawa\hoshikawa_00646_0.png,0.6259779584988125,1
288,dataset\vtuber\hoshikawa\hoshikawa_00964_0.png,0.6323569829350715,1
289,dataset\vtuber\hoshikawa\hoshikawa_00576_0.png,0.6278181247607797,1
290,dataset\vtuber\hoshikawa\hoshikawa_00908_0.png,0.6291159773437947,1
291,dataset\vtuber\hoshikawa\hoshikawa_00482_0.png,0.6295161018488351,1
292,dataset\vtuber\hoshikawa\hoshikawa_00261_0.png,0.6387620882648752,1
293,dataset\vtuber\hoshikawa\hoshikawa_00243_0.png,0.6239410977737188,1
294,dataset\vtuber\hoshikawa\hoshikawa_00691_0.png,0.6242573459579212,1
295,dataset\vtuber\hoshikawa\hoshikawa_00794_0.png,0.6242201135981778,1
296,dataset\vtuber\hoshikawa\hoshikawa_00966_0.png,0.6235033102513351,1
297,dataset\vtuber\hoshikawa\hoshikawa_00107_0.png,0.6285815618863133,1
298,dataset\vtuber\hoshikawa\hoshikawa_00722_0.png,0.6367995567131444,1
299,dataset\vtuber\hoshikawa\hoshikawa_00846_0.png,0.6309884266526676,1
300,dataset\vtuber\inui\inui_00155_0.png,0.6697058388698856,1
301,dataset\vtuber\inui\inui_00067_0.png,0.665093925378947,1
302,dataset\vtuber\inui\inui_00576_0.png,0.6713389430857486,1
303,dataset\vtuber\inui\inui_00229_0.png,0.6610530750105988,1
304,dataset\vtuber\inui\inui_00544_0.png,0.6610284602845345,1
305,dataset\vtuber\inui\inui_00160_0.png,0.6620507290054171,1
306,dataset\vtuber\inui\inui_00603_0.png,0.6680969647718025,1
307,dataset\vtuber\inui\inui_00086_0.png,0.6749757995312906,1
308,dataset\vtuber\inui\inui_00146_0.png,0.6745444268579899,1
309,dataset\vtuber\inui\inui_00539_0.png,0.6715379855722903,1
310,dataset\vtuber\inui\inui_00201_0.png,0.6626678373796725,1
311,dataset\vtuber\inui\inui_00101_0.png,0.6721463448578742,1
312,dataset\vtuber\inui\inui_00339_0.png,0.6716804469015673,1
313,dataset\vtuber\inui\inui_00082_0.png,0.6640263075782171,1
314,dataset\vtuber\inui\inui_00213_0.png,0.6723484247926663,1
315,dataset\vtuber\inui\inui_00234_0.png,0.6766861660919711,1
316,dataset\vtuber\inui\inui_00610_0.png,0.6714789068350218,1
317,dataset\vtuber\inui\inui_00411_0.png,0.6762073812278206,1
318,dataset\vtuber\inui\inui_00144_0.png,0.6667682650329092,1
319,dataset\vtuber\inui\inui_00055_0.png,0.6725433127784934,1
320,dataset\vtuber\inui\inui_00577_0.png,0.6799897533577162,1
321,dataset\vtuber\inui\inui_00354_0.png,0.6704303082165803,1
322,dataset\vtuber\inui\inui_00384_0.png,0.6806542908149601,1
323,dataset\vtuber\inui\inui_00666_0.png,0.6679725647172686,1
324,dataset\vtuber\inui\inui_00125_0.png,0.6690018547517411,1
325,dataset\vtuber\inui\inui_00115_0.png,0.6606953687695991,1
326,dataset\vtuber\inui\inui_00328_0.png,0.6753663941632085,1
327,dataset\vtuber\inui\inui_00038_0.png,0.6677224178355983,1
328,dataset\vtuber\inui\inui_00181_0.png,0.6621418286796567,1
329,dataset\vtuber\inui\inui_00222_0.png,0.6717177587839843,1
330,dataset\vtuber\inui\inui_00311_0.png,0.672058776598544,1
331,dataset\vtuber\inui\inui_00570_0.png,0.6827496883480386,1
332,dataset\vtuber\inui\inui_00042_0.png,0.6689092974915867,1
333,dataset\vtuber\inui\inui_00122_0.png,0.6680409598518098,1
334,dataset\vtuber\inui\inui_00150_0.png,0.6730270246841789,1
335,dataset\vtuber\inui\inui_00377_0.png,0.6731197742014426,1
336,dataset\vtuber\inui\inui_00292_0.png,0.670578302869559,1
337,dataset\vtuber\inui\inui_00196_0.png,0.6726573614108458,1
338,dataset\vtuber\inui\inui_00299_0.png,0.6781394270179095,1
339,dataset\vtuber\inui\inui_00439_0.png,0.6738300420524364,1
340,dataset\vtuber\inui\inui_00561_0.png,0.6717748464229104,1
341,dataset\vtuber\inui\inui_00545_0.png,0.6694161249693701,1
342,dataset\vtuber\inui\inui_00102_0.png,0.6620880868244904,1
343,dataset\vtuber\inui\inui_00451_0.png,0.676417578050492,1
344,dataset\vtuber\inui\inui_00019_0.png,0.6786760067708842,1
345,dataset\vtuber\inui\inui_00684_0.png,0.6574834624104702,1
346,dataset\vtuber\inui\inui_00678_0.png,0.6729133993057548,1
347,dataset\vtuber\inui\inui_00649_0.png,0.6770764600345032,1
348,dataset\vtuber\inui\inui_00581_0.png,0.6655269322687669,1
349,dataset\vtuber\inui\inui_00323_0.png,0.6785779377265767,1
350,dataset\vtuber\kanata\kanata_00135_0.png,0.6747281544684329,1
351,dataset\vtuber\kanata\kanata_02576_0.png,0.6782512510863015,1
352,dataset\vtuber\kanata\kanata_00557_1.png,0.6670153299642034,1
353,dataset\vtuber\kanata\kanata_00377_1.png,0.6803801975979393,1
354,dataset\vtuber\kanata\kanata_00100_0.png,0.6572523574829469,1
355,dataset\vtuber\kanata\kanata_00859_0.png,0.6575732781302333,1
356,dataset\vtuber\kanata\kanata_00958_0.png,0.661386834071886,1
357,dataset\vtuber\kanata\kanata_01177_1.png,0.6538125820814659,1
358,dataset\vtuber\kanata\kanata_01165_0.png,0.6717067250837063,1
359,dataset\vtuber\kanata\kanata_00536_1.png,0.6589734714846669,1
360,dataset\vtuber\kanata\kanata_00214_0.png,0.6519755674357631,1
361,dataset\vtuber\kanata\kanata_00978_0.png,0.643880836250015,1
362,dataset\vtuber\kanata\kanata_00229_1.png,0.6554847990121373,1
363,dataset\vtuber\kanata\kanata_02473_0.png,0.6715172861629879,1
364,dataset\vtuber\kanata\kanata_00269_1.png,0.6677686699767493,1
365,dataset\vtuber\kanata\kanata_02384_0.png,0.6759156906895369,1
366,dataset\vtuber\kanata\kanata_00148_0.png,0.6718041733392942,1
367,dataset\vtuber\kanata\kanata_00479_1.png,0.661160739142923,1
368,dataset\vtuber\kanata\kanata_01757_0.png,0.6946112354703249,1
369,dataset\vtuber\kanata\kanata_00427_1.png,0.6855966898097121,1
370,dataset\vtuber\kanata\kanata_00851_0.png,0.6716963318179516,1
371,dataset\vtuber\kanata\kanata_01780_0.png,0.6851529281640083,1
372,dataset\vtuber\kanata\kanata_01515_0.png,0.686772216692036,1
373,dataset\vtuber\kanata\kanata_02465_0.png,0.6878178710296656,1
374,dataset\vtuber\kanata\kanata_01273_0.png,0.6915772366842212,1
375,dataset\vtuber\kanata\kanata_01292_0.png,0.7057068192160691,1
376,dataset\vtuber\kanata\kanata_02164_0.png,0.6764712726498829,1
377,dataset\vtuber\kanata\kanata_01766_0.png,0.6942100052937238,1
378,dataset\vtuber\kanata\kanata_00080_0.png,0.6631336492050863,1
379,dataset\vtuber\kanata\kanata_00152_0.png,0.671467872178453,1
380,dataset\vtuber\kanata\kanata_00426_1.png,0.6682148422503714,1
381,dataset\vtuber\kanata\kanata_00940_0.png,0.6731066797607645,1
382,dataset\vtuber\kanata\kanata_00284_1.png,0.6565842291193662,1
383,dataset\vtuber\kanata\kanata_00209_0.png,0.6581135817144654,1
384,dataset\vtuber\kanata\kanata_00709_1.png,0.659325950436652,1
385,dataset\vtuber\kanata\kanata_00271_1.png,0.6601319238428143,1
386,dataset\vtuber\kanata\kanata_00126_0.png,0.6654643194957871,1
387,dataset\vtuber\kanata\kanata_00976_0.png,0.6546028747343705,1
388,dataset\vtuber\kanata\kanata_00136_1.png,0.6795936878406456,1
389,dataset\vtuber\kanata\kanata_00365_1.png,0.6600378171009127,1
390,dataset\vtuber\kanata\kanata_02681_0.png,0.6866718601447241,1
391,dataset\vtuber\kanata\kanata_00919_0.png,0.6541815389353574,1
392,dataset\vtuber\kanata\kanata_00839_0.png,0.663529429340601,1
393,dataset\vtuber\kanata\kanata_02074_0.png,0.6888858852416729,1
394,dataset\vtuber\kanata\kanata_02104_0.png,0.6825440989898588,1
395,dataset\vtuber\kanata\kanata_02574_0.png,0.6749979422601429,1
396,dataset\vtuber\kanata\kanata_00905_0.png,0.6636344021646414,1
397,dataset\vtuber\kanata\kanata_02364_0.png,0.6908881767736047,1
398,dataset\vtuber\kanata\kanata_00754_1.png,0.6659094713592248,1
399,dataset\vtuber\kanata\kanata_00463_1.png,0.6737804803701841,1
400,dataset\vtuber\lize\lize_00927_0.png,0.6340293294602544,1
401,dataset\vtuber\lize\lize_00145_0.png,0.6668976205858953,1
402,dataset\vtuber\lize\lize_01004_0.png,0.6405270355356242,1
403,dataset\vtuber\lize\lize_00251_0.png,0.6391478407468758,1
404,dataset\vtuber\lize\lize_01012_0.png,0.6459065382948487,1
405,dataset\vtuber\lize\lize_00300_0.png,0.6462378451736482,1
406,dataset\vtuber\lize\lize_00321_0.png,0.6375737761420314,1
407,dataset\vtuber\lize\lize_00266_0.png,0.6395504304659865,1
408,dataset\vtuber\lize\lize_00841_0.png,0.6476591928657481,1
409,dataset\vtuber\lize\lize_00535_0.png,0.6203818919157348,1
410,dataset\vtuber\lize\lize_00700_0.png,0.6435165259945095,1
411,dataset\vtuber\lize\lize_00900_0.png,0.6492633262868899,1
412,dataset\vtuber\lize\lize_00045_0.png,0.665566077215108,1
413,dataset\vtuber\lize\lize_00672_0.png,0.6411546759223268,1
414,dataset\vtuber\lize\lize_00253_0.png,0.6406708255949303,1
415,dataset\vtuber\lize\lize_00313_0.png,0.6476871451871747,1
416,dataset\vtuber\lize\lize_00750_0.png,0.6397435875222774,1
417,dataset\vtuber\lize\lize_00889_0.png,0.6334805987973323,1
418,dataset\vtuber\lize\lize_00825_0.png,0.6410489147145972,1
419,dataset\vtuber\lize\lize_00662_0.png,0.6545807464261588,1
420,dataset\vtuber\lize\lize_00938_0.png,0.6470824300893698,1
421,dataset\vtuber\lize\lize_00363_0.png,0.6443594400693118,1
422,dataset\vtuber\lize\lize_00797_0.png,0.6423561334342665,1
423,dataset\vtuber\lize\lize_00858_0.png,0.6464543212077434,1
424,dataset\vtuber\lize\lize_00774_0.png,0.6386882304126428,1
425,dataset\vtuber\lize\lize_00725_0.png,0.6262252593599937,1
426,dataset\vtuber\lize\lize_00687_0.png,0.6465257706716449,1
427,dataset\vtuber\lize\lize_00818_0.png,0.6403944177114274,1
428,dataset\vtuber\lize\lize_00195_0.png,0.6430323655880738,1
429,dataset\vtuber\lize\lize_00446_0.png,0.6426171193355168,1
430,dataset\vtuber\lize\lize_00488_0.png,0.6489564986915494,1
431,dataset\vtuber\lize\lize_00755_0.png,0.6462166952128013,1
432,dataset\vtuber\lize\lize_00076_0.png,0.6660900207215625,1
433,dataset\vtuber\lize\lize_00967_0.png,0.6333323470456994,1
434,dataset\vtuber\lize\lize_00044_0.png,0.6696184219870611,1
435,dataset\vtuber\lize\lize_00580_0.png,0.63671826375976,1
436,dataset\vtuber\lize\lize_00055_0.png,0.6755557850360516,1
437,dataset\vtuber\lize\lize_00966_0.png,0.6473878840322355,1
438,dataset\vtuber\lize\lize_00738_0.png,0.6421088875713896,1
439,dataset\vtuber\lize\lize_00842_0.png,0.6413090385808476,1
440,dataset\vtuber\lize\lize_00462_0.png,0.642846128215129,1
441,dataset\vtuber\lize\lize_00172_0.png,0.6168528931339293,1
442,dataset\vtuber\lize\lize_00501_0.png,0.6400681020237049,1
443,dataset\vtuber\lize\lize_00888_0.png,0.655187906605624,1
444,dataset\vtuber\lize\lize_00896_0.png,0.6457366258541875,1
445,dataset\vtuber\lize\lize_00923_0.png,0.6464579029223141,1
446,dataset\vtuber\lize\lize_00772_0.png,0.6400747881707999,1
447,dataset\vtuber\lize\lize_00149_0.png,0.6665948174598335,1
448,dataset\vtuber\lize\lize_00908_0.png,0.6472312992703657,1
449,dataset\vtuber\lize\lize_00651_0.png,0.6400798793194231,1
450,dataset\vtuber\matsuri\matsuri_02919_0.png,0.6438154118370649,1
451,dataset\vtuber\matsuri\matsuri_00812_0.png,0.6479219316993688,1
452,dataset\vtuber\matsuri\matsuri_00798_0.png,0.641640732690071,1
453,dataset\vtuber\matsuri\matsuri_00609_0.png,0.6487030161256025,1
454,dataset\vtuber\matsuri\matsuri_02624_0.png,0.638017809623019,1
455,dataset\vtuber\matsuri\matsuri_01692_0.png,0.6376431310096891,1
456,dataset\vtuber\matsuri\matsuri_01421_0.png,0.6486422872006281,1
457,dataset\vtuber\matsuri\matsuri_02183_0.png,0.6489879068795221,1
458,dataset\vtuber\matsuri\matsuri_01681_0.png,0.6369008242118919,1
459,dataset\vtuber\matsuri\matsuri_02879_0.png,0.6355991542236078,1
460,dataset\vtuber\matsuri\matsuri_01110_0.png,0.6484439239541344,1
461,dataset\vtuber\matsuri\matsuri_02801_0.png,0.6364713301465198,1
462,dataset\vtuber\matsuri\matsuri_01735_0.png,0.6488641905915095,1
463,dataset\vtuber\matsuri\matsuri_01508_0.png,0.6378780461459078,1
464,dataset\vtuber\matsuri\matsuri_02841_0.png,0.6291646581985655,1
465,dataset\vtuber\matsuri\matsuri_01965_0.png,0.6390208104591675,1
466,dataset\vtuber\matsuri\matsuri_00630_0.png,0.6436376583545067,1
467,dataset\vtuber\matsuri\matsuri_00649_0.png,0.639388598355941,1
468,dataset\vtuber\matsuri\matsuri_01797_0.png,0.6294342725822923,1
469,dataset\vtuber\matsuri\matsuri_02217_0.png,0.6435868974959592,1
470,dataset\vtuber\matsuri\matsuri_01325_0.png,0.6475639310440748,1
471,dataset\vtuber\matsuri\matsuri_02501_0.png,0.6501393662210835,1
472,dataset\vtuber\matsuri\matsuri_01388_0.png,0.6476588046680597,1
473,dataset\vtuber\matsuri\matsuri_02391_0.png,0.6451619202017473,1
474,dataset\vtuber\matsuri\matsuri_00981_0.png,0.6455276713895514,1
475,dataset\vtuber\matsuri\matsuri_00912_0.png,0.6403633533262493,1
476,dataset\vtuber\matsuri\matsuri_00948_0.png,0.6465249013991219,1
477,dataset\vtuber\matsuri\matsuri_02655_0.png,0.6433769418050606,1
478,dataset\vtuber\matsuri\matsuri_01518_0.png,0.6467507177820173,1
479,dataset\vtuber\matsuri\matsuri_00627_0.png,0.6460776088341638,1
480,dataset\vtuber\matsuri\matsuri_00815_0.png,0.6431430476322696,1
481,dataset\vtuber\matsuri\matsuri_02182_0.png,0.6368215867019529,1
482,dataset\vtuber\matsuri\matsuri_02344_0.png,0.6592702556928992,1
483,dataset\vtuber\matsuri\matsuri_01423_0.png,0.6378585276461992,1
484,dataset\vtuber\matsuri\matsuri_00552_0.png,0.6463925506449054,1
485,dataset\vtuber\matsuri\matsuri_01548_0.png,0.6438805166845905,1
486,dataset\vtuber\matsuri\matsuri_02522_0.png,0.6509074008854979,1
487,dataset\vtuber\matsuri\matsuri_02081_0.png,0.6398904635698971,1
488,dataset\vtuber\matsuri\matsuri_01816_0.png,0.636718863061356,1
489,dataset\vtuber\matsuri\matsuri_02783_0.png,0.6460327802980514,1
490,dataset\vtuber\matsuri\matsuri_01269_0.png,0.6457889491482517,1
491,dataset\vtuber\matsuri\matsuri_01837_0.png,0.6502627676074597,1
492,dataset\vtuber\matsuri\matsuri_02675_0.png,0.6454148697165851,1
493,dataset\vtuber\matsuri\matsuri_02261_0.png,0.6543025772232935,1
494,dataset\vtuber\matsuri\matsuri_00516_0.png,0.6431660404749118,1
495,dataset\vtuber\matsuri\matsuri_00162_0.png,0.6468969723570996,1
496,dataset\vtuber\matsuri\matsuri_01666_0.png,0.63579486295276,1
497,dataset\vtuber\matsuri\matsuri_00680_0.png,0.6542769188157456,1
498,dataset\vtuber\matsuri\matsuri_00286_0.png,0.6417390532860503,1
499,dataset\vtuber\matsuri\matsuri_00300_0.png,0.6399112765887981,1
500,dataset\vtuber\nakiri\nakiri_01534_0.png,0.6529201415898166,1
501,dataset\vtuber\nakiri\nakiri_01631_0.png,0.6552025538074454,1
502,dataset\vtuber\nakiri\nakiri_00966_0.png,0.6575971482492253,1
503,dataset\vtuber\nakiri\nakiri_01421_0.png,0.6541617902780196,1
504,dataset\vtuber\nakiri\nakiri_00399_0.png,0.6591870684737242,1
505,dataset\vtuber\nakiri\nakiri_01588_0.png,0.6664022246418844,1
506,dataset\vtuber\nakiri\nakiri_01037_0.png,0.649261691018406,1
507,dataset\vtuber\nakiri\nakiri_01570_0.png,0.6470298062714559,1
508,dataset\vtuber\nakiri\nakiri_01460_0.png,0.6560301114765961,1
509,dataset\vtuber\nakiri\nakiri_01664_0.png,0.6502994865370139,1
510,dataset\vtuber\nakiri\nakiri_00591_0.png,0.6499567101236041,1
511,dataset\vtuber\nakiri\nakiri_00962_0.png,0.6606032092410439,1
512,dataset\vtuber\nakiri\nakiri_00103_0.png,0.6596955913248952,1
513,dataset\vtuber\nakiri\nakiri_00758_0.png,0.6486289486086348,1
514,dataset\vtuber\nakiri\nakiri_01608_0.png,0.6499871869448867,1
515,dataset\vtuber\nakiri\nakiri_00438_0.png,0.656536105305097,1
516,dataset\vtuber\nakiri\nakiri_01142_0.png,0.652762800809571,1
517,dataset\vtuber\nakiri\nakiri_01162_0.png,0.6479396325506441,1
518,dataset\vtuber\nakiri\nakiri_01449_0.png,0.6559980054876936,1
519,dataset\vtuber\nakiri\nakiri_01322_0.png,0.6487513814088263,1
520,dataset\vtuber\nakiri\nakiri_01587_0.png,0.6484427342116574,1
521,dataset\vtuber\nakiri\nakiri_01451_0.png,0.6558308321512273,1
522,dataset\vtuber\nakiri\nakiri_01279_0.png,0.6427400078619278,1
523,dataset\vtuber\nakiri\nakiri_01468_0.png,0.652878610176219,1
524,dataset\vtuber\nakiri\nakiri_00576_0.png,0.6560558341928044,1
525,dataset\vtuber\nakiri\nakiri_00211_0.png,0.6595554747850313,1
526,dataset\vtuber\nakiri\nakiri_00598_0.png,0.6582005681042329,1
527,dataset\vtuber\nakiri\nakiri_01545_0.png,0.6479683771647018,1
528,dataset\vtuber\nakiri\nakiri_00613_0.png,0.645556556711135,1
529,dataset\vtuber\nakiri\nakiri_01568_0.png,0.6523388820615813,1
530,dataset\vtuber\nakiri\nakiri_01253_0.png,0.6594454544765908,1
531,dataset\vtuber\nakiri\nakiri_01169_0.png,0.6516399519501882,1
532,dataset\vtuber\nakiri\nakiri_01128_0.png,0.6462787840040822,1
533,dataset\vtuber\nakiri\nakiri_01350_0.png,0.6602987054030955,1
534,dataset\vtuber\nakiri\nakiri_00813_0.png,0.6281979396732819,1
535,dataset\vtuber\nakiri\nakiri_01583_0.png,0.6560547541215934,1
536,dataset\vtuber\nakiri\nakiri_00697_1.png,0.671851425178231,1
537,dataset\vtuber\nakiri\nakiri_01691_0.png,0.652732494948895,1
538,dataset\vtuber\nakiri\nakiri_01595_0.png,0.6510828672394244,1
539,dataset\vtuber\nakiri\nakiri_01028_0.png,0.6534989855561149,1
540,dataset\vtuber\nakiri\nakiri_01479_0.png,0.6548912659620658,1
541,dataset\vtuber\nakiri\nakiri_00602_0.png,0.6456241135472758,1
542,dataset\vtuber\nakiri\nakiri_01296_0.png,0.653306796047057,1
543,dataset\vtuber\nakiri\nakiri_01618_0.png,0.6573149691836893,1
544,dataset\vtuber\nakiri\nakiri_01171_0.png,0.6580082439305812,1
545,dataset\vtuber\nakiri\nakiri_00572_0.png,0.6495276312939935,1
546,dataset\vtuber\nakiri\nakiri_01151_0.png,0.6500238299958009,1
547,dataset\vtuber\nakiri\nakiri_00616_0.png,0.6577534169686376,1
548,dataset\vtuber\nakiri\nakiri_01072_0.png,0.6581644232549806,1
549,dataset\vtuber\nakiri\nakiri_01292_0.png,0.6495008640927767,1
550,dataset\vtuber\pekora\pekora_02514_0.png,0.663740966951628,1
551,dataset\vtuber\pekora\pekora_02150_0.png,0.6648866949835148,1
552,dataset\vtuber\pekora\pekora_02898_0.png,0.6596044020405016,1
553,dataset\vtuber\pekora\pekora_00154_0.png,0.6556032974595726,1
554,dataset\vtuber\pekora\pekora_01822_1.png,0.6587209217081847,1
555,dataset\vtuber\pekora\pekora_01390_0.png,0.6585150326514831,1
556,dataset\vtuber\pekora\pekora_00266_0.png,0.6585016263999055,1
557,dataset\vtuber\pekora\pekora_02922_0.png,0.6636507269325309,1
558,dataset\vtuber\pekora\pekora_02146_0.png,0.6698769535369271,1
559,dataset\vtuber\pekora\pekora_00450_0.png,0.6523422658000047,1
560,dataset\vtuber\pekora\pekora_00270_0.png,0.6688307421913269,1
561,dataset\vtuber\pekora\pekora_02682_0.png,0.6734110326362445,1
562,dataset\vtuber\pekora\pekora_03130_0.png,0.6563344578538547,1
563,dataset\vtuber\pekora\pekora_03066_0.png,0.6587433809634557,1
564,dataset\vtuber\pekora\pekora_00686_0.png,0.6667901498932255,1
565,dataset\vtuber\pekora\pekora_01790_1.png,0.6627659775100653,1
566,dataset\vtuber\pekora\pekora_01186_0.png,0.668732874295413,1
567,dataset\vtuber\pekora\pekora_01610_0.png,0.6650028104394108,1
568,dataset\vtuber\pekora\pekora_02062_0.png,0.6533546182704756,1
569,dataset\vtuber\pekora\pekora_02290_0.png,0.6582437906247252,1
570,dataset\vtuber\pekora\pekora_00482_0.png,0.6615300007983609,1
571,dataset\vtuber\pekora\pekora_00158_0.png,0.6610393171555565,1
572,dataset\vtuber\pekora\pekora_00170_0.png,0.6649926294831119,1
573,dataset\vtuber\pekora\pekora_03346_0.png,0.6668691032735645,1
574,dataset\vtuber\pekora\pekora_02230_0.png,0.6635839228972806,1
575,dataset\vtuber\pekora\pekora_02306_0.png,0.6721393254559277,1
576,dataset\vtuber\pekora\pekora_01254_0.png,0.6612669133973075,1
577,dataset\vtuber\pekora\pekora_02274_0.png,0.6606745277340609,1
578,dataset\vtuber\pekora\pekora_00742_0.png,0.6613151122329834,1
579,dataset\vtuber\pekora\pekora_01646_0.png,0.6590320395177085,1
580,dataset\vtuber\pekora\pekora_02930_0.png,0.662687449038236,1
581,dataset\vtuber\pekora\pekora_03074_0.png,0.6561016304463202,1
582,dataset\vtuber\pekora\pekora_01226_0.png,0.6638198555569286,1
583,dataset\vtuber\pekora\pekora_01166_0.png,0.6563926369891666,1
584,dataset\vtuber\pekora\pekora_03030_0.png,0.6660183017810261,1
585,dataset\vtuber\pekora\pekora_02434_0.png,0.6667869527644857,1
586,dataset\vtuber\pekora\pekora_02262_0.png,0.6580634408847732,1
587,dataset\vtuber\pekora\pekora_02414_0.png,0.6555712256266142,1
588,dataset\vtuber\pekora\pekora_01678_0.png,0.6775281801195068,1
589,dataset\vtuber\pekora\pekora_00278_0.png,0.6594997997154652,1
590,dataset\vtuber\pekora\pekora_02854_0.png,0.6660639220133144,1
591,dataset\vtuber\pekora\pekora_00842_0.png,0.66254257787263,1
592,dataset\vtuber\pekora\pekora_02358_0.png,0.6699432404320573,1
593,dataset\vtuber\pekora\pekora_01626_0.png,0.6629784415341196,1
594,dataset\vtuber\pekora\pekora_02866_0.png,0.6646778817176819,1
595,dataset\vtuber\pekora\pekora_02182_0.png,0.6631313398264888,1
596,dataset\vtuber\pekora\pekora_00826_0.png,0.6597169086182666,1
597,dataset\vtuber\pekora\pekora_02910_0.png,0.6605467568500365,1
598,dataset\vtuber\pekora\pekora_03118_0.png,0.6640995968541357,1
599,dataset\vtuber\pekora\pekora_01446_0.png,0.6624546027442458,1
600,dataset\vtuber\rusia\rusia_03489_0.png,0.6642466858242098,1
601,dataset\vtuber\rusia\rusia_02054_0.png,0.6596240856906651,1
602,dataset\vtuber\rusia\rusia_02324_0.png,0.6715339934720345,1
603,dataset\vtuber\rusia\rusia_03694_0.png,0.6624463333039683,1
604,dataset\vtuber\rusia\rusia_02989_0.png,0.6662967874128878,1
605,dataset\vtuber\rusia\rusia_04104_0.png,0.6655136655700387,1
606,dataset\vtuber\rusia\rusia_00504_0.png,0.6593236184064035,1
607,dataset\vtuber\rusia\rusia_03889_0.png,0.6656097592171119,1
608,dataset\vtuber\rusia\rusia_02254_0.png,0.6632735276699006,1
609,dataset\vtuber\rusia\rusia_01524_0.png,0.6597714072149433,1
610,dataset\vtuber\rusia\rusia_02059_0.png,0.6530892937164288,1
611,dataset\vtuber\rusia\rusia_00799_0.png,0.6601632570781162,1
612,dataset\vtuber\rusia\rusia_00719_0.png,0.6537009121506153,1
613,dataset\vtuber\rusia\rusia_01764_0.png,0.660505712696982,1
614,dataset\vtuber\rusia\rusia_00464_0.png,0.6628850217986795,1
615,dataset\vtuber\rusia\rusia_02479_0.png,0.6706190697372767,1
616,dataset\vtuber\rusia\rusia_03839_0.png,0.6684191832811381,1
617,dataset\vtuber\rusia\rusia_04459_0.png,0.6632102306263932,1
618,dataset\vtuber\rusia\rusia_02849_0.png,0.6726750282282353,1
619,dataset\vtuber\rusia\rusia_02084_0.png,0.662708068195271,1
620,dataset\vtuber\rusia\rusia_01384_0.png,0.6678770099287211,1
621,dataset\vtuber\rusia\rusia_00479_0.png,0.6613059035972726,1
622,dataset\vtuber\rusia\rusia_03434_0.png,0.6647654219155902,1
623,dataset\vtuber\rusia\rusia_02609_0.png,0.6680955255741113,1
624,dataset\vtuber\rusia\rusia_03644_0.png,0.6713472873859063,1
625,dataset\vtuber\rusia\rusia_00709_0.png,0.670433776519516,1
626,dataset\vtuber\rusia\rusia_03909_0.png,0.6699698425333491,1
627,dataset\vtuber\rusia\rusia_02504_0.png,0.6685763191545939,1
628,dataset\vtuber\rusia\rusia_05749_0.png,0.6711393446488585,1
629,dataset\vtuber\rusia\rusia_01054_0.png,0.6695294988779803,1
630,dataset\vtuber\rusia\rusia_04439_0.png,0.6725487647000037,1
631,dataset\vtuber\rusia\rusia_02064_0.png,0.6694759735072155,1
632,dataset\vtuber\rusia\rusia_04394_0.png,0.6729199860607044,1
633,dataset\vtuber\rusia\rusia_01044_0.png,0.6695924259588036,1
634,dataset\vtuber\rusia\rusia_02914_0.png,0.6636366104053162,1
635,dataset\vtuber\rusia\rusia_03194_0.png,0.6626611973331615,1
636,dataset\vtuber\rusia\rusia_03584_0.png,0.6669335708362517,1
637,dataset\vtuber\rusia\rusia_01304_0.png,0.6581729350716022,1
638,dataset\vtuber\rusia\rusia_01284_0.png,0.6672409415678754,1
639,dataset\vtuber\rusia\rusia_00409_0.png,0.6584800869400188,1
640,dataset\vtuber\rusia\rusia_04504_0.png,0.6743617876766503,1
641,dataset\vtuber\rusia\rusia_04029_0.png,0.6621036626058948,1
642,dataset\vtuber\rusia\rusia_04019_0.png,0.6693331594020895,1
643,dataset\vtuber\rusia\rusia_03509_0.png,0.6648630228395795,1
644,dataset\vtuber\rusia\rusia_00499_0.png,0.6522149426292408,1
645,dataset\vtuber\rusia\rusia_00619_0.png,0.6606477931113919,1
646,dataset\vtuber\rusia\rusia_02159_0.png,0.6668770649770785,1
647,dataset\vtuber\rusia\rusia_02209_0.png,0.6674577070622869,1
648,dataset\vtuber\rusia\rusia_01914_0.png,0.6598691236071078,1
649,dataset\vtuber\rusia\rusia_03649_0.png,0.668821702783121,1
650,dataset\vtuber\sasaki\sasaki_00861_0.png,0.6445504387662041,1
651,dataset\vtuber\sasaki\sasaki_00720_0.png,0.648844502512346,1
652,dataset\vtuber\sasaki\sasaki_00895_0.png,0.6519732341713147,1
653,dataset\vtuber\sasaki\sasaki_00864_0.png,0.6467928288286245,1
654,dataset\vtuber\sasaki\sasaki_01054_0.png,0.6487846626934551,1
655,dataset\vtuber\sasaki\sasaki_00261_0.png,0.6499308646431498,1
656,dataset\vtuber\sasaki\sasaki_01084_0.png,0.6516021007694155,1
657,dataset\vtuber\sasaki\sasaki_00992_0.png,0.6465344936420637,1
658,dataset\vtuber\sasaki\sasaki_00872_0.png,0.6532110646503297,1
659,dataset\vtuber\sasaki\sasaki_00696_0.png,0.652860676048368,1
660,dataset\vtuber\sasaki\sasaki_01104_0.png,0.6599446280210401,1
661,dataset\vtuber\sasaki\sasaki_00327_0.png,0.6476716576806161,1
662,dataset\vtuber\sasaki\sasaki_00320_0.png,0.6519107699811642,1
663,dataset\vtuber\sasaki\sasaki_00668_0.png,0.6477692592031856,1
664,dataset\vtuber\sasaki\sasaki_00859_0.png,0.6532369170666661,1
665,dataset\vtuber\sasaki\sasaki_00987_0.png,0.6558002114410879,1
666,dataset\vtuber\sasaki\sasaki_00128_0.png,0.6525900365421399,1
667,dataset\vtuber\sasaki\sasaki_00312_0.png,0.6486070749406981,1
668,dataset\vtuber\sasaki\sasaki_00810_0.png,0.6437643387950939,1
669,dataset\vtuber\sasaki\sasaki_00959_0.png,0.654044842295127,1
670,dataset\vtuber\sasaki\sasaki_00739_0.png,0.6454406333331634,1
671,dataset\vtuber\sasaki\sasaki_01071_0.png,0.6457496711374852,1
672,dataset\vtuber\sasaki\sasaki_00809_0.png,0.6471654774323378,1
673,dataset\vtuber\sasaki\sasaki_00962_0.png,0.6493996184343738,1
674,dataset\vtuber\sasaki\sasaki_00058_0.png,0.6434076367380053,1
675,dataset\vtuber\sasaki\sasaki_00605_0.png,0.6555517751537288,1
676,dataset\vtuber\sasaki\sasaki_01046_0.png,0.6433876348118621,1
677,dataset\vtuber\sasaki\sasaki_01037_0.png,0.6502541299252017,1
678,dataset\vtuber\sasaki\sasaki_00652_0.png,0.6611651698158271,1
679,dataset\vtuber\sasaki\sasaki_00806_0.png,0.6484853785331316,1
680,dataset\vtuber\sasaki\sasaki_00192_0.png,0.6498889313988947,1
681,dataset\vtuber\sasaki\sasaki_00918_0.png,0.6633189635819787,1
682,dataset\vtuber\sasaki\sasaki_00135_0.png,0.6496177937496276,1
683,dataset\vtuber\sasaki\sasaki_00893_0.png,0.6438883404390872,1
684,dataset\vtuber\sasaki\sasaki_00145_0.png,0.649664634890892,1
685,dataset\vtuber\sasaki\sasaki_01012_0.png,0.6474037337983503,1
686,dataset\vtuber\sasaki\sasaki_00185_0.png,0.6458398381500976,1
687,dataset\vtuber\sasaki\sasaki_00274_0.png,0.6426675496422843,1
688,dataset\vtuber\sasaki\sasaki_00967_0.png,0.6577933118646178,1
689,dataset\vtuber\sasaki\sasaki_00195_0.png,0.6527402203216203,1
690,dataset\vtuber\sasaki\sasaki_00946_0.png,0.6509968977051821,1
691,dataset\vtuber\sasaki\sasaki_00746_0.png,0.6375944194887765,1
692,dataset\vtuber\sasaki\sasaki_00834_0.png,0.6519433003031828,1
693,dataset\vtuber\sasaki\sasaki_00697_0.png,0.6557730106642082,1
694,dataset\vtuber\sasaki\sasaki_00738_0.png,0.6519900938112531,1
695,dataset\vtuber\sasaki\sasaki_00282_0.png,0.6107108283943583,1
696,dataset\vtuber\sasaki\sasaki_00255_0.png,0.6473846084813216,1
697,dataset\vtuber\sasaki\sasaki_01062_0.png,0.6502091462624134,1
698,dataset\vtuber\sasaki\sasaki_00127_0.png,0.6530190908178491,1
699,dataset\vtuber\sasaki\sasaki_00229_0.png,0.6516282159902544,1
700,dataset\vtuber\shina\shina_00189_0.png,0.6750613836645978,1
701,dataset\vtuber\shina\shina_00242_0.png,0.6822729069072226,1
702,dataset\vtuber\shina\shina_00584_0.png,0.6788230238139737,1
703,dataset\vtuber\shina\shina_00702_0.png,0.6811417569376219,1
704,dataset\vtuber\shina\shina_00431_0.png,0.6847097347210978,1
705,dataset\vtuber\shina\shina_00434_0.png,0.6650301741274887,1
706,dataset\vtuber\shina\shina_00650_0.png,0.671938923324591,1
707,dataset\vtuber\shina\shina_00686_0.png,0.6852472864539453,1
708,dataset\vtuber\shina\shina_00554_0.png,0.6842931764862211,1
709,dataset\vtuber\shina\shina_00525_0.png,0.6723671700176471,1
710,dataset\vtuber\shina\shina_00333_0.png,0.6793787613690107,1
711,dataset\vtuber\shina\shina_00498_0.png,0.6732240509053755,1
712,dataset\vtuber\shina\shina_00667_0.png,0.6822426868803133,1
713,dataset\vtuber\shina\shina_00649_0.png,0.6597569614451599,1
714,dataset\vtuber\shina\shina_00195_0.png,0.6751692163116483,1
715,dataset\vtuber\shina\shina_00214_0.png,0.6672469822054301,1
716,dataset\vtuber\shina\shina_00084_0.png,0.6851902713215864,1
717,dataset\vtuber\shina\shina_00391_0.png,0.680836090871712,1
718,dataset\vtuber\shina\shina_00243_0.png,0.6889069457238948,1
719,dataset\vtuber\shina\shina_00661_0.png,0.6899939766221113,1
720,dataset\vtuber\shina\shina_00460_0.png,0.6727220494444207,1
721,dataset\vtuber\shina\shina_00072_0.png,0.6832894138734265,1
722,dataset\vtuber\shina\shina_00570_0.png,0.6678944682047812,1
723,dataset\vtuber\shina\shina_00360_0.png,0.6838950902421153,1
724,dataset\vtuber\shina\shina_00310_0.png,0.6858115951594566,1
725,dataset\vtuber\shina\shina_00590_0.png,0.6884666512664237,1
726,dataset\vtuber\shina\shina_00520_0.png,0.6765614078901643,1
727,dataset\vtuber\shina\shina_00399_0.png,0.6830152932289356,1
728,dataset\vtuber\shina\shina_00483_0.png,0.6639802706005906,1
729,dataset\vtuber\shina\shina_00025_0.png,0.6697851044971801,1
730,dataset\vtuber\shina\shina_00275_0.png,0.6783806572251305,1
731,dataset\vtuber\shina\shina_00315_0.png,0.6807436642817157,1
732,dataset\vtuber\shina\shina_00486_0.png,0.685727551919336,1
733,dataset\vtuber\shina\shina_00277_0.png,0.6862811041297727,1
734,dataset\vtuber\shina\shina_00687_0.png,0.6824298184550343,1
735,dataset\vtuber\shina\shina_00250_0.png,0.6852382001201052,1
736,dataset\vtuber\shina\shina_00280_0.png,0.6803734135053097,1
737,dataset\vtuber\shina\shina_00291_0.png,0.6851105373611348,1
738,dataset\vtuber\shina\shina_00647_0.png,0.6824613138895834,1
739,dataset\vtuber\shina\shina_00624_0.png,0.676044770483462,1
740,dataset\vtuber\shina\shina_00388_0.png,0.6760737086939994,1
741,dataset\vtuber\shina\shina_00465_0.png,0.6894597229425878,1
742,dataset\vtuber\shina\shina_00208_0.png,0.6841260794952264,1
743,dataset\vtuber\shina\shina_00418_0.png,0.6834242710994444,1
744,dataset\vtuber\shina\shina_00538_0.png,0.6784850671923022,1
745,dataset\vtuber\shina\shina_00530_0.png,0.6754099075882471,1
746,dataset\vtuber\shina\shina_00430_0.png,0.6747078526092845,1
747,dataset\vtuber\shina\shina_00029_0.png,0.6872103645061105,1
748,dataset\vtuber\shina\shina_00181_0.png,0.6876675404805583,1
749,dataset\vtuber\shina\shina_00655_0.png,0.6820191192547208,1
750,dataset\vtuber\shion\shion_05198_0.png,0.6422085447360869,1
751,dataset\vtuber\shion\shion_03078_0.png,0.6255853200648229,1
752,dataset\vtuber\shion\shion_03763_0.png,0.6326652949310911,1
753,dataset\vtuber\shion\shion_00443_0.png,0.623696724273767,1
754,dataset\vtuber\shion\shion_03088_0.png,0.624307360374724,1
755,dataset\vtuber\shion\shion_03778_0.png,0.6215385993466747,1
756,dataset\vtuber\shion\shion_04043_0.png,0.6303432202178549,1
757,dataset\vtuber\shion\shion_01188_0.png,0.6339744825000526,1
758,dataset\vtuber\shion\shion_04468_1.png,0.6300572075771107,1
759,dataset\vtuber\shion\shion_01883_0.png,0.6363584696111557,1
760,dataset\vtuber\shion\shion_04523_1.png,0.6403274461964283,1
761,dataset\vtuber\shion\shion_02978_0.png,0.6367675393068044,1
762,dataset\vtuber\shion\shion_05518_1.png,0.6384282638955682,1
763,dataset\vtuber\shion\shion_05093_1.png,0.6302334452616571,1
764,dataset\vtuber\shion\shion_04988_1.png,0.6302149486018178,1
765,dataset\vtuber\shion\shion_03898_0.png,0.6202496542876679,1
766,dataset\vtuber\shion\shion_04373_0.png,0.6281187471205901,1
767,dataset\vtuber\shion\shion_03193_0.png,0.637800577949015,1
768,dataset\vtuber\shion\shion_03748_0.png,0.6360478162234648,1
769,dataset\vtuber\shion\shion_01213_0.png,0.6258806669519345,1
770,dataset\vtuber\shion\shion_04548_0.png,0.6319764804687011,1
771,dataset\vtuber\shion\shion_03923_1.png,0.6233282438639485,1
772,dataset\vtuber\shion\shion_03988_0.png,0.6293062902008073,1
773,dataset\vtuber\shion\shion_04923_0.png,0.6312141793160707,1
774,dataset\vtuber\shion\shion_01813_0.png,0.6322014982550135,1
775,dataset\vtuber\shion\shion_04913_0.png,0.6331261072696022,1
776,dataset\vtuber\shion\shion_05043_1.png,0.6277661723885823,1
777,dataset\vtuber\shion\shion_02788_0.png,0.6361981982618532,1
778,dataset\vtuber\shion\shion_05278_0.png,0.6311735202839428,1
779,dataset\vtuber\shion\shion_05173_1.png,0.6306501757874374,1
780,dataset\vtuber\shion\shion_01578_0.png,0.6320440051542765,1
781,dataset\vtuber\shion\shion_00373_0.png,0.6236457667025057,1
782,dataset\vtuber\shion\shion_00423_0.png,0.6264212046603133,1
783,dataset\vtuber\shion\shion_02078_0.png,0.6351835988152899,1
784,dataset\vtuber\shion\shion_01938_0.png,0.6253740097888126,1
785,dataset\vtuber\shion\shion_05473_1.png,0.6397436240037312,1
786,dataset\vtuber\shion\shion_05493_0.png,0.6362533567876405,1
787,dataset\vtuber\shion\shion_05368_1.png,0.62911980702054,1
788,dataset\vtuber\shion\shion_02908_0.png,0.6351444070597432,1
789,dataset\vtuber\shion\shion_00738_0.png,0.6237431798913518,1
790,dataset\vtuber\shion\shion_04623_0.png,0.6310499452892149,1
791,dataset\vtuber\shion\shion_04248_0.png,0.6321138349078563,1
792,dataset\vtuber\shion\shion_02933_0.png,0.6407712817084494,1
793,dataset\vtuber\shion\shion_05188_1.png,0.632424554582129,1
794,dataset\vtuber\shion\shion_05348_1.png,0.642583841747386,1
795,dataset\vtuber\shion\shion_01663_0.png,0.6354935957615657,1
796,dataset\vtuber\shion\shion_05318_0.png,0.634214290340374,1
797,dataset\vtuber\shion\shion_04338_1.png,0.6329855219143985,1
798,dataset\vtuber\shion\shion_02053_0.png,0.6326834487799938,1
799,dataset\vtuber\shion\shion_03643_1.png,0.6368564367231195,1
800,dataset\vtuber\subaru\subaru_03122_0.png,0.6621485986773322,1
801,dataset\vtuber\subaru\subaru_03592_0.png,0.6681422026249808,1
802,dataset\vtuber\subaru\subaru_01437_0.png,0.670055253854142,1
803,dataset\vtuber\subaru\subaru_02440_0.png,0.6669920262107103,1
804,dataset\vtuber\subaru\subaru_02097_0.png,0.67362366256602,1
805,dataset\vtuber\subaru\subaru_01223_0.png,0.6844624005604265,1
806,dataset\vtuber\subaru\subaru_01994_0.png,0.6701170271001511,1
807,dataset\vtuber\subaru\subaru_00806_0.png,0.668192739152496,1
808,dataset\vtuber\subaru\subaru_00683_0.png,0.6801844302259819,1
809,dataset\vtuber\subaru\subaru_03242_0.png,0.6746462439738439,1
810,dataset\vtuber\subaru\subaru_03084_0.png,0.6711197519095369,1
811,dataset\vtuber\subaru\subaru_03368_0.png,0.6752072558135802,1
812,dataset\vtuber\subaru\subaru_01562_0.png,0.6736916220650601,1
813,dataset\vtuber\subaru\subaru_01955_0.png,0.6770304953818163,1
814,dataset\vtuber\subaru\subaru_03120_0.png,0.676479300599315,1
815,dataset\vtuber\subaru\subaru_03671_0.png,0.6743732721324549,1
816,dataset\vtuber\subaru\subaru_03157_0.png,0.673945269047316,1
817,dataset\vtuber\subaru\subaru_01817_0.png,0.6814366521004129,1
818,dataset\vtuber\subaru\subaru_02198_0.png,0.6707108308914216,1
819,dataset\vtuber\subaru\subaru_00266_0.png,0.6528429364802951,1
820,dataset\vtuber\subaru\subaru_00365_0.png,0.6637505409251792,1
821,dataset\vtuber\subaru\subaru_02719_0.png,0.6670051589822983,1
822,dataset\vtuber\subaru\subaru_03444_0.png,0.6705584558070656,1
823,dataset\vtuber\subaru\subaru_02448_0.png,0.6671347495765936,1
824,dataset\vtuber\subaru\subaru_02826_0.png,0.6753382550726063,1
825,dataset\vtuber\subaru\subaru_02043_0.png,0.6845101896386945,1
826,dataset\vtuber\subaru\subaru_02395_0.png,0.6723454992209643,1
827,dataset\vtuber\subaru\subaru_03643_0.png,0.6813005572263593,1
828,dataset\vtuber\subaru\subaru_02893_0.png,0.6648938518151104,1
829,dataset\vtuber\subaru\subaru_00391_0.png,0.6483386429097852,1
830,dataset\vtuber\subaru\subaru_03595_0.png,0.6739807023376689,1
831,dataset\vtuber\subaru\subaru_01425_0.png,0.6655651925896969,1
832,dataset\vtuber\subaru\subaru_01995_0.png,0.682046898535598,1
833,dataset\vtuber\subaru\subaru_01325_0.png,0.66180470729267,1
834,dataset\vtuber\subaru\subaru_03336_0.png,0.6625582006562128,1
835,dataset\vtuber\subaru\subaru_02723_0.png,0.667851235258148,1
836,dataset\vtuber\subaru\subaru_01085_0.png,0.672038044550754,1
837,dataset\vtuber\subaru\subaru_02034_0.png,0.6736278125402353,1
838,dataset\vtuber\subaru\subaru_02476_0.png,0.6719007398713953,1
839,dataset\vtuber\subaru\subaru_03056_0.png,0.6779361561517657,1
840,dataset\vtuber\subaru\subaru_00906_0.png,0.6592116099041767,1
841,dataset\vtuber\subaru\subaru_03601_0.png,0.6729570141533608,1
842,dataset\vtuber\subaru\subaru_02963_0.png,0.6770483968717108,1
843,dataset\vtuber\subaru\subaru_03565_0.png,0.6768106770479574,1
844,dataset\vtuber\subaru\subaru_01249_0.png,0.6644711939364516,1
845,dataset\vtuber\subaru\subaru_03172_0.png,0.6671212156866916,1
846,dataset\vtuber\subaru\subaru_00537_0.png,0.6630421917439975,1
847,dataset\vtuber\subaru\subaru_02489_0.png,0.6600703962980132,1
848,dataset\vtuber\subaru\subaru_01824_0.png,0.6736359176230828,1
849,dataset\vtuber\subaru\subaru_03100_0.png,0.6699167195799548,1
850,dataset\vtuber\suisei\suisei_01416_0.png,0.6487868067244528,1
851,dataset\vtuber\suisei\suisei_00112_0.png,0.6580104235715716,1
852,dataset\vtuber\suisei\suisei_00283_0.png,0.6543315961273436,1
853,dataset\vtuber\suisei\suisei_01509_0.png,0.6532957347066286,1
854,dataset\vtuber\suisei\suisei_00597_0.png,0.6571318528472974,1
855,dataset\vtuber\suisei\suisei_00760_0.png,0.6509727559677863,1
856,dataset\vtuber\suisei\suisei_00902_0.png,0.6562114880237522,1
857,dataset\vtuber\suisei\suisei_01337_0.png,0.6520729073951052,1
858,dataset\vtuber\suisei\suisei_00561_0.png,0.6672400661475595,1
859,dataset\vtuber\suisei\suisei_00562_0.png,0.6638017176637654,1
860,dataset\vtuber\suisei\suisei_01080_0.png,0.6577911745051246,1
861,dataset\vtuber\suisei\suisei_01580_0.png,0.6550912121436074,1
862,dataset\vtuber\suisei\suisei_01564_0.png,0.6562564168332131,1
863,dataset\vtuber\suisei\suisei_00359_0.png,0.6574269326563476,1
864,dataset\vtuber\suisei\suisei_00668_0.png,0.6569973635459146,1
865,dataset\vtuber\suisei\suisei_01611_0.png,0.6565844210797103,1
866,dataset\vtuber\suisei\suisei_00331_0.png,0.6566462794673,1
867,dataset\vtuber\suisei\suisei_01160_0.png,0.6558326710564877,1
868,dataset\vtuber\suisei\suisei_00923_0.png,0.6546113685943371,1
869,dataset\vtuber\suisei\suisei_00130_0.png,0.6576956726176193,1
870,dataset\vtuber\suisei\suisei_00408_0.png,0.6521400135675617,1
871,dataset\vtuber\suisei\suisei_00326_0.png,0.6578538805859488,1
872,dataset\vtuber\suisei\suisei_01379_0.png,0.6549610920479005,1
873,dataset\vtuber\suisei\suisei_00492_0.png,0.651658490334688,1
874,dataset\vtuber\suisei\suisei_00397_0.png,0.6541221670664537,1
875,dataset\vtuber\suisei\suisei_00095_0.png,0.6525570750113701,1
876,dataset\vtuber\suisei\suisei_00985_0.png,0.6536934170872447,1
877,dataset\vtuber\suisei\suisei_01502_0.png,0.659811595299902,1
878,dataset\vtuber\suisei\suisei_00356_0.png,0.6595848061258667,1
879,dataset\vtuber\suisei\suisei_00978_0.png,0.6524114401285837,1
880,dataset\vtuber\suisei\suisei_01513_0.png,0.6482472723719794,1
881,dataset\vtuber\suisei\suisei_00259_0.png,0.6570083509303616,1
882,dataset\vtuber\suisei\suisei_01035_0.png,0.6569265259463963,1
883,dataset\vtuber\suisei\suisei_00105_0.png,0.6561810058297886,1
884,dataset\vtuber\suisei\suisei_00926_0.png,0.6546311753250182,1
885,dataset\vtuber\suisei\suisei_00752_0.png,0.6577782689190982,1
886,dataset\vtuber\suisei\suisei_01015_0.png,0.660744118291317,1
887,dataset\vtuber\suisei\suisei_00959_0.png,0.6562651537510926,1
888,dataset\vtuber\suisei\suisei_01205_0.png,0.6551996326207279,1
889,dataset\vtuber\suisei\suisei_00252_0.png,0.6527419600833391,1
890,dataset\vtuber\suisei\suisei_00325_0.png,0.6554624506431468,1
891,dataset\vtuber\suisei\suisei_00275_0.png,0.6556408678754906,1
892,dataset\vtuber\suisei\suisei_00737_0.png,0.657873684694823,1
893,dataset\vtuber\suisei\suisei_00213_0.png,0.6545300509719895,1
894,dataset\vtuber\suisei\suisei_00439_0.png,0.6569790127701509,1
895,dataset\vtuber\suisei\suisei_00603_0.png,0.6489546045751012,1
896,dataset\vtuber\suisei\suisei_01252_0.png,0.6575171544115088,1
897,dataset\vtuber\suisei\suisei_00366_0.png,0.6567929924356275,1
898,dataset\vtuber\suisei\suisei_01063_0.png,0.6578998624921847,1
899,dataset\vtuber\suisei\suisei_01456_0.png,0.6582489524331924,1
900,dataset\vtuber\suzuhara\suzuhara_00361_0.png,0.6448920552621011,1
901,dataset\vtuber\suzuhara\suzuhara_00492_0.png,0.6527858414065509,1
902,dataset\vtuber\suzuhara\suzuhara_00344_0.png,0.64545344928402,1
903,dataset\vtuber\suzuhara\suzuhara_00172_0.png,0.6597714888396479,1
904,dataset\vtuber\suzuhara\suzuhara_00192_0.png,0.65817981781058,1
905,dataset\vtuber\suzuhara\suzuhara_00234_0.png,0.646580191008076,1
906,dataset\vtuber\suzuhara\suzuhara_00608_0.png,0.6521185969308265,1
907,dataset\vtuber\suzuhara\suzuhara_00643_0.png,0.6485378409996495,1
908,dataset\vtuber\suzuhara\suzuhara_00146_0.png,0.6469706481783413,1
909,dataset\vtuber\suzuhara\suzuhara_00211_0.png,0.6449016653050446,1
910,dataset\vtuber\suzuhara\suzuhara_00271_0.png,0.6434525899143335,1
911,dataset\vtuber\suzuhara\suzuhara_00478_0.png,0.6523043915928712,1
912,dataset\vtuber\suzuhara\suzuhara_00241_0.png,0.6471155664430317,1
913,dataset\vtuber\suzuhara\suzuhara_00607_0.png,0.6426547061895449,1
914,dataset\vtuber\suzuhara\suzuhara_00231_0.png,0.6391494932369534,1
915,dataset\vtuber\suzuhara\suzuhara_00603_0.png,0.6484862403894499,1
916,dataset\vtuber\suzuhara\suzuhara_00261_0.png,0.6487522347174193,1
917,dataset\vtuber\suzuhara\suzuhara_00448_0.png,0.6491842389110942,1
918,dataset\vtuber\suzuhara\suzuhara_00283_0.png,0.649659889251864,1
919,dataset\vtuber\suzuhara\suzuhara_00439_0.png,0.6554902866859376,1
920,dataset\vtuber\suzuhara\suzuhara_00339_0.png,0.650537285915092,1
921,dataset\vtuber\suzuhara\suzuhara_00132_0.png,0.6502100513283224,1
922,dataset\vtuber\suzuhara\suzuhara_00556_0.png,0.6487640672103947,1
923,dataset\vtuber\suzuhara\suzuhara_00491_0.png,0.6557812232553483,1
924,dataset\vtuber\suzuhara\suzuhara_00587_0.png,0.6513370500656365,1
925,dataset\vtuber\suzuhara\suzuhara_00563_0.png,0.6446983589333711,1
926,dataset\vtuber\suzuhara\suzuhara_00501_0.png,0.6541370316662455,1
927,dataset\vtuber\suzuhara\suzuhara_00171_0.png,0.6462511401123814,1
928,dataset\vtuber\suzuhara\suzuhara_00656_0.png,0.6506015978760874,1
929,dataset\vtuber\suzuhara\suzuhara_00345_0.png,0.6482480677683498,1
930,dataset\vtuber\suzuhara\suzuhara_00356_0.png,0.6547556314080063,1
931,dataset\vtuber\suzuhara\suzuhara_00596_0.png,0.6513038234286236,1
932,dataset\vtuber\suzuhara\suzuhara_00486_0.png,0.6468593277466288,1
933,dataset\vtuber\suzuhara\suzuhara_00112_0.png,0.6495623298779364,1
934,dataset\vtuber\suzuhara\suzuhara_00560_0.png,0.646443013663394,1
935,dataset\vtuber\suzuhara\suzuhara_00315_0.png,0.6494503551616979,1
936,dataset\vtuber\suzuhara\suzuhara_00195_0.png,0.6500389972678043,1
937,dataset\vtuber\suzuhara\suzuhara_00073_0.png,0.6447964940721944,1
938,dataset\vtuber\suzuhara\suzuhara_00650_0.png,0.644569018627146,1
939,dataset\vtuber\suzuhara\suzuhara_00636_0.png,0.6487622545260516,1
940,dataset\vtuber\suzuhara\suzuhara_00221_0.png,0.6373920110100257,1
941,dataset\vtuber\suzuhara\suzuhara_00184_0.png,0.6471321275088802,1
942,dataset\vtuber\suzuhara\suzuhara_00391_0.png,0.6488674255634181,1
943,dataset\vtuber\suzuhara\suzuhara_00432_0.png,0.6416926665169518,1
944,dataset\vtuber\suzuhara\suzuhara_00405_0.png,0.6426055743224772,1
945,dataset\vtuber\suzuhara\suzuhara_00585_0.png,0.6459764149969003,1
946,dataset\vtuber\suzuhara\suzuhara_00162_0.png,0.6459808826299163,1
947,dataset\vtuber\suzuhara\suzuhara_00061_0.png,0.6535579354294215,1
948,dataset\vtuber\suzuhara\suzuhara_00434_0.png,0.6442158458475512,1
949,dataset\vtuber\suzuhara\suzuhara_00614_0.png,0.6523692547715241,1
950,dataset\vtuber\yorumi\yorumi_00369_0.png,0.6294903816870863,1
951,dataset\vtuber\yorumi\yorumi_00222_0.png,0.6301653615949089,1
952,dataset\vtuber\yorumi\yorumi_00129_0.png,0.6334450193497606,1
953,dataset\vtuber\yorumi\yorumi_00095_0.png,0.6243889841954742,1
954,dataset\vtuber\yorumi\yorumi_00389_0.png,0.6351738889686361,1
955,dataset\vtuber\yorumi\yorumi_00680_0.png,0.6327239626855286,1
956,dataset\vtuber\yorumi\yorumi_00447_0.png,0.628332935835288,1
957,dataset\vtuber\yorumi\yorumi_00351_0.png,0.6328700550077102,1
958,dataset\vtuber\yorumi\yorumi_00035_0.png,0.6404977505094867,1
959,dataset\vtuber\yorumi\yorumi_00672_0.png,0.6384269291018008,1
960,dataset\vtuber\yorumi\yorumi_00021_0.png,0.6267673952782824,1
961,dataset\vtuber\yorumi\yorumi_00278_0.png,0.6281855061630486,1
962,dataset\vtuber\yorumi\yorumi_00341_0.png,0.6310226844766784,1
963,dataset\vtuber\yorumi\yorumi_00034_0.png,0.6225358218082218,1
964,dataset\vtuber\yorumi\yorumi_00472_0.png,0.6329400647498201,1
965,dataset\vtuber\yorumi\yorumi_00464_0.png,0.6329389521087317,1
966,dataset\vtuber\yorumi\yorumi_00370_0.png,0.6241780888994314,1
967,dataset\vtuber\yorumi\yorumi_00503_0.png,0.6239933074581722,1
968,dataset\vtuber\yorumi\yorumi_00643_0.png,0.6293939153562409,1
969,dataset\vtuber\yorumi\yorumi_00457_0.png,0.6287562959354713,1
970,dataset\vtuber\yorumi\yorumi_00573_0.png,0.635083467043439,1
971,dataset\vtuber\yorumi\yorumi_00039_0.png,0.6314814680467312,1
972,dataset\vtuber\yorumi\yorumi_00022_0.png,0.6252393950647971,1
973,dataset\vtuber\yorumi\yorumi_00406_0.png,0.6270212622935458,1
974,dataset\vtuber\yorumi\yorumi_00491_0.png,0.6317050781707403,1
975,dataset\vtuber\yorumi\yorumi_00185_0.png,0.6208074682119955,1
976,dataset\vtuber\yorumi\yorumi_00166_0.png,0.6170587968916093,1
977,dataset\vtuber\yorumi\yorumi_00685_0.png,0.6277819776102027,1
978,dataset\vtuber\yorumi\yorumi_00455_0.png,0.6210572460823083,1
979,dataset\vtuber\yorumi\yorumi_00559_0.png,0.6322323639947313,1
980,dataset\vtuber\yorumi\yorumi_00582_0.png,0.634946099050999,1
981,dataset\vtuber\yorumi\yorumi_00484_0.png,0.6287515544323861,1
982,dataset\vtuber\yorumi\yorumi_00409_0.png,0.6277119957458772,1
983,dataset\vtuber\yorumi\yorumi_00102_0.png,0.6322946274972716,1
984,dataset\vtuber\yorumi\yorumi_00211_0.png,0.6360793558044466,1
985,dataset\vtuber\yorumi\yorumi_00354_0.png,0.6291051018020688,1
986,dataset\vtuber\yorumi\yorumi_00420_0.png,0.6240219370937347,1
987,dataset\vtuber\yorumi\yorumi_00075_0.png,0.6308243457705085,1
988,dataset\vtuber\yorumi\yorumi_00270_0.png,0.6312241307065543,1
989,dataset\vtuber\yorumi\yorumi_00569_0.png,0.6301769480288154,1
990,dataset\vtuber\yorumi\yorumi_00174_0.png,0.6354730864252541,1
991,dataset\vtuber\yorumi\yorumi_00193_0.png,0.6351084753136481,1
992,dataset\vtuber\yorumi\yorumi_00365_0.png,0.6335113618998197,1
993,dataset\vtuber\yorumi\yorumi_00357_0.png,0.6355682151424313,1
994,dataset\vtuber\yorumi\yorumi_00296_0.png,0.6368040541053882,1
995,dataset\vtuber\yorumi\yorumi_00462_0.png,0.6335003211152384,1
996,dataset\vtuber\yorumi\yorumi_00681_0.png,0.6325175013704064,1
997,dataset\vtuber\yorumi\yorumi_00520_0.png,0.6312641953863097,1
998,dataset\vtuber\yorumi\yorumi_00176_0.png,0.6323959479688033,1
999,dataset\vtuber\yorumi\yorumi_00548_0.png,0.6308262945394041,1
